{
  "project_info": {
    "project_number": "463081420484",
    "firebase_url": "https://esayspinlaundry-dev-default-rtdb.firebaseio.com",
    "project_id": "esayspinlaundry-dev",
    "storage_bucket": "esayspinlaundry-dev.firebasestorage.app"
  },
  "client": [
    {
      "client_info": {
        "mobilesdk_app_id": "1:463081420484:android:c343f2c86b70807e7f7b91",
        "android_client_info": {
          "package_name": "com.mycompany.easyspinlaundryadmin"
        }
      },
      "oauth_client": [],
      "api_key": [
        {
          "current_key": "AIzaSyB54wC-5a7W-RlvLEeuzXl2zjSpdw_cfEw"
        }
      ],
      "services": {
        "appinvite_service": {
          "other_platform_oauth_client": []
        }
      }
    },
    {
      "client_info": {
        "mobilesdk_app_id": "1:463081420484:android:4a48c4f92ab649877f7b91",
        "android_client_info": {
          "package_name": "com.mycompany.easyspinlaundrycenter"
        }
      },
      "oauth_client": [],
      "api_key": [
        {
          "current_key": "AIzaSyB54wC-5a7W-RlvLEeuzXl2zjSpdw_cfEw"
        }
      ],
      "services": {
        "appinvite_service": {
          "other_platform_oauth_client": []
        }
      }
    },
    {
      "client_info": {
        "mobilesdk_app_id": "1:463081420484:android:eb8da6d5cb57b8537f7b91",
        "android_client_info": {
          "package_name": "com.mycompany.easyspinlaundrymain"
        }
      },
      "oauth_client": [],
      "api_key": [
        {
          "current_key": "AIzaSyB54wC-5a7W-RlvLEeuzXl2zjSpdw_cfEw"
        }
      ],
      "services": {
        "appinvite_service": {
          "other_platform_oauth_client": []
        }
      }
    },
    {
      "client_info": {
        "mobilesdk_app_id": "1:463081420484:android:215c9a00318db63d7f7b91",
        "android_client_info": {
          "package_name": "com.mycompany.easyspinlaundryrider"
        }
      },
      "oauth_client": [],
      "api_key": [
        {
          "current_key": "AIzaSyB54wC-5a7W-RlvLEeuzXl2zjSpdw_cfEw"
        }
      ],
      "services": {
        "appinvite_service": {
          "other_platform_oauth_client": []
        }
      }
    },
    {
      "client_info": {
        "mobilesdk_app_id": "1:463081420484:android:fa59e057a95d65737f7b91",
        "android_client_info": {
          "package_name": "com.mycompany.esayspinlaundry"
        }
      },
      "oauth_client": [],
      "api_key": [
        {
          "current_key": "AIzaSyB54wC-5a7W-RlvLEeuzXl2zjSpdw_cfEw"
        }
      ],
      "services": {
        "appinvite_service": {
          "other_platform_oauth_client": []
        }
      }
    }
  ],
  "configuration_version": "1"
}