{
  "project_info": {
    "project_number": "463081420484",
    "firebase_url": "https://esayspinlaundry-dev-default-rtdb.firebaseio.com",
    "project_id": "esayspinlaundry-dev",
    "storage_bucket": "esayspinlaundry-dev.firebasestorage.app"
  },
  "client": [
    {
      "client_info": {
        "mobilesdk_app_id": "1:463081420484:android:c343f2c86b70807e7f7b91",
        "android_client_info": {
          "package_name": "com.mycompany.easyspinlaundryadmin"
        }
      },
      "oauth_client": [
        {
          "client_id": "463081420484-b6l48n5pbubtc1gcsffk1emem4bic6ju.apps.googleusercontent.com",
          "client_type": 1,
          "android_info": {
            "package_name": "com.mycompany.easyspinlaundryadmin",
            "certificate_hash": "9bbb3186b2189ef16d8f272bdab59362c395cbb4"
          }
        },
        {
          "client_id": "463081420484-6dvbciegko1cf2qa90u3qnosejrb6qd2.apps.googleusercontent.com",
          "client_type": 3
        }
      ],
      "api_key": [
        {
          "current_key": "AIzaSyB54wC-5a7W-RlvLEeuzXl2zjSpdw_cfEw"
        }
      ],
      "services": {
        "appinvite_service": {
          "other_platform_oauth_client": [
            {
              "client_id": "463081420484-6dvbciegko1cf2qa90u3qnosejrb6qd2.apps.googleusercontent.com",
              "client_type": 3
            },
            {
              "client_id": "463081420484-65ier5uetcfc3g5ea1acd46li7u861sv.apps.googleusercontent.com",
              "client_type": 2,
              "ios_info": {
                "bundle_id": "com.mycompany.easyspinlaundrymain"
              }
            }
          ]
        }
      }
    },
    {
      "client_info": {
        "mobilesdk_app_id": "1:463081420484:android:4a48c4f92ab649877f7b91",
        "android_client_info": {
          "package_name": "com.mycompany.easyspinlaundrycenter"
        }
      },
      "oauth_client": [
        {
          "client_id": "463081420484-adnbdqau7dmjmkc0q2u2lmg37f7vhn59.apps.googleusercontent.com",
          "client_type": 1,
          "android_info": {
            "package_name": "com.mycompany.easyspinlaundrycenter",
            "certificate_hash": "9bbb3186b2189ef16d8f272bdab59362c395cbb4"
          }
        },
        {
          "client_id": "463081420484-6dvbciegko1cf2qa90u3qnosejrb6qd2.apps.googleusercontent.com",
          "client_type": 3
        }
      ],
      "api_key": [
        {
          "current_key": "AIzaSyB54wC-5a7W-RlvLEeuzXl2zjSpdw_cfEw"
        }
      ],
      "services": {
        "appinvite_service": {
          "other_platform_oauth_client": [
            {
              "client_id": "463081420484-6dvbciegko1cf2qa90u3qnosejrb6qd2.apps.googleusercontent.com",
              "client_type": 3
            },
            {
              "client_id": "463081420484-65ier5uetcfc3g5ea1acd46li7u861sv.apps.googleusercontent.com",
              "client_type": 2,
              "ios_info": {
                "bundle_id": "com.mycompany.easyspinlaundrymain"
              }
            }
          ]
        }
      }
    },
    {
      "client_info": {
        "mobilesdk_app_id": "1:463081420484:android:eb8da6d5cb57b8537f7b91",
        "android_client_info": {
          "package_name": "com.mycompany.easyspinlaundrymain"
        }
      },
      "oauth_client": [
        {
          "client_id": "463081420484-gcgm4elf3mrh6fpj2ns7j6b892pejln1.apps.googleusercontent.com",
          "client_type": 1,
          "android_info": {
            "package_name": "com.mycompany.easyspinlaundrymain",
            "certificate_hash": "9bbb3186b2189ef16d8f272bdab59362c395cbb4"
          }
        },
        {
          "client_id": "463081420484-6dvbciegko1cf2qa90u3qnosejrb6qd2.apps.googleusercontent.com",
          "client_type": 3
        }
      ],
      "api_key": [
        {
          "current_key": "AIzaSyB54wC-5a7W-RlvLEeuzXl2zjSpdw_cfEw"
        }
      ],
      "services": {
        "appinvite_service": {
          "other_platform_oauth_client": [
            {
              "client_id": "463081420484-6dvbciegko1cf2qa90u3qnosejrb6qd2.apps.googleusercontent.com",
              "client_type": 3
            },
            {
              "client_id": "463081420484-65ier5uetcfc3g5ea1acd46li7u861sv.apps.googleusercontent.com",
              "client_type": 2,
              "ios_info": {
                "bundle_id": "com.mycompany.easyspinlaundrymain"
              }
            }
          ]
        }
      }
    },
    {
      "client_info": {
        "mobilesdk_app_id": "1:463081420484:android:215c9a00318db63d7f7b91",
        "android_client_info": {
          "package_name": "com.mycompany.easyspinlaundryrider"
        }
      },
      "oauth_client": [
        {
          "client_id": "463081420484-1d9hmljpe62a020g76rbaecb39dum1hs.apps.googleusercontent.com",
          "client_type": 1,
          "android_info": {
            "package_name": "com.mycompany.easyspinlaundryrider",
            "certificate_hash": "9bbb3186b2189ef16d8f272bdab59362c395cbb4"
          }
        },
        {
          "client_id": "463081420484-6dvbciegko1cf2qa90u3qnosejrb6qd2.apps.googleusercontent.com",
          "client_type": 3
        }
      ],
      "api_key": [
        {
          "current_key": "AIzaSyB54wC-5a7W-RlvLEeuzXl2zjSpdw_cfEw"
        }
      ],
      "services": {
        "appinvite_service": {
          "other_platform_oauth_client": [
            {
              "client_id": "463081420484-6dvbciegko1cf2qa90u3qnosejrb6qd2.apps.googleusercontent.com",
              "client_type": 3
            },
            {
              "client_id": "463081420484-65ier5uetcfc3g5ea1acd46li7u861sv.apps.googleusercontent.com",
              "client_type": 2,
              "ios_info": {
                "bundle_id": "com.mycompany.easyspinlaundrymain"
              }
            }
          ]
        }
      }
    },
    {
      "client_info": {
        "mobilesdk_app_id": "1:463081420484:android:fa59e057a95d65737f7b91",
        "android_client_info": {
          "package_name": "com.mycompany.esayspinlaundry"
        }
      },
      "oauth_client": [
        {
          "client_id": "463081420484-hl6430sednd2lql8lul054qmtjfjk908.apps.googleusercontent.com",
          "client_type": 1,
          "android_info": {
            "package_name": "com.mycompany.esayspinlaundry",
            "certificate_hash": "9bbb3186b2189ef16d8f272bdab59362c395cbb4"
          }
        },
        {
          "client_id": "463081420484-6dvbciegko1cf2qa90u3qnosejrb6qd2.apps.googleusercontent.com",
          "client_type": 3
        }
      ],
      "api_key": [
        {
          "current_key": "AIzaSyB54wC-5a7W-RlvLEeuzXl2zjSpdw_cfEw"
        }
      ],
      "services": {
        "appinvite_service": {
          "other_platform_oauth_client": [
            {
              "client_id": "463081420484-6dvbciegko1cf2qa90u3qnosejrb6qd2.apps.googleusercontent.com",
              "client_type": 3
            },
            {
              "client_id": "463081420484-65ier5uetcfc3g5ea1acd46li7u861sv.apps.googleusercontent.com",
              "client_type": 2,
              "ios_info": {
                "bundle_id": "com.mycompany.easyspinlaundrymain"
              }
            }
          ]
        }
      }
    }
  ],
  "configuration_version": "1"
}